ID,Nombre,RUT,Email,Teléfono,Dirección,Fecha de Creación
1,joe,,joemurillo95@gmail.com,+50498053628,"Colonia el carmen inva calle principal (al entrar a la colonia continuar hacia adelante)casa #8 bloque A-2
casa blanca portones negros",2025-04-03 12:28:49
2,priscila,,priscila251204@gmail.com,+50432653755,colonia barandillass,2025-04-03 17:39:22
3,william murillo,,witeylorena@gmail.com,+50432657755,,2025-04-03 17:54:43
4,Rigoberto Rivera,,rigorivera@gmail.com,+1 789 86565655,barrio barandillas,2025-04-03 18:37:09
5,alejandra rivera,,alerivera20@gmail.com,29341324214,,2025-04-03 21:51:50
6,jeyson,,jeyson@gmail.com,3943934939493,,2025-04-03 22:40:18
7,marcos,,marcos@gmail.com,9805222214,,2025-04-03 22:55:04
8,fernando,,fernando@gmail.com,3434343,sdsds,2025-04-03 23:06:21
